Machine : IMEI/DEVICEID;Machine;Machine : Domaine;Machine : Système;Informations de compte : tag;
"109-05-2012-10-16-13-40-16";"109-05";"LLB";"Microsoft Windows 7 Professionnel";"109";
"109-08-2012-10-19-08-37-35";"109-08";"LLB";"Microsoft Windows 7 Professionnel";"109";
"109-10-2012-10-16-13-52-04";"109-10";"LLB";"Microsoft Windows 7 Professionnel";"109";
"109-06-2012-10-19-09-14-03";"109-06";"LLB";"Microsoft Windows 7 Professionnel";"109";
"109-09-2012-10-08-11-04-29";"109-09";"LLB";"Microsoft Windows 7 Professionnel";"109";
"109-04-2012-10-16-19-35-23";"109-04";"LLB";"Microsoft Windows 7 Professionnel";"109";
"109-15-2012-10-17-11-43-19";"109-15";"LLB";"Microsoft Windows 7 Professionnel";"109";
"109-11-2012-10-16-19-30-26";"109-11";"LLB";"Microsoft Windows 7 Professionnel";"109";
"109-14-2012-10-16-15-23-38";"109-14";"LLB";"Microsoft Windows 7 Professionnel";"109";
"109-12-2012-10-17-12-13-43";"109-12";"LLB";"Microsoft Windows 7 Professionnel";"109";
"109-07-2012-10-17-09-40-30";"109-07";"LLB";"Microsoft Windows 7 Professionnel";"109";
"109-03-2012-10-17-09-35-23";"109-03";"LLB";"Microsoft Windows 7 Professionnel";"109";
"108-03-2012-09-24-14-36-40";"108-03";"LLB";"Microsoft Windows 7 Professionnel";"108";
"108-04-2012-09-24-14-24-38";"108-04";"LLB";"Microsoft Windows 7 Professionnel";"108";
"108-10-2012-10-05-18-47-42";"108-10";"LLB";"Microsoft Windows 7 Professionnel";"108";
"108-12-2012-09-24-14-27-29";"108-12";"LLB";"Microsoft Windows 7 Professionnel";"108";
"108-14-2012-09-24-14-29-49";"108-14";"LLB";"Microsoft Windows 7 Professionnel";"108";
"108-13-2012-10-05-18-38-11";"108-13";"LLB";"Microsoft Windows 7 Professionnel";"108";
"108-09-2012-09-24-13-38-25";"108-09";"LLB";"Microsoft Windows 7 Professionnel";"108";
"108-11-2012-09-24-14-25-56";"108-11";"LLB";"Microsoft Windows 7 Professionnel";"108";
"108-02-2012-09-24-13-22-09";"108-02";"LLB";"Microsoft Windows 7 Professionnel";"108";
"108-01-2012-09-24-13-39-17";"108-01";"LLB";"Microsoft Windows 7 Professionnel";"108";
"108-05-2012-09-24-14-38-17";"108-05";"LLB";"Microsoft Windows 7 Professionnel";"108";
"112-09-2012-10-19-10-15-45";"112-09";"LLB";"Microsoft Windows 7 Professionnel";"112";
"112-02-2012-10-17-10-13-38";"112-02";"LLB";"Microsoft Windows 7 Professionnel";"112";
"112-04-2012-10-17-14-24-25";"112-04";"LLB";"Microsoft Windows 7 Professionnel";"112";
"112-13-2012-10-22-14-27-00";"112-13";"LLB";"Microsoft Windows 7 Professionnel";"112";
"112-12-2012-10-23-08-42-49";"112-12";"LLB";"Microsoft Windows 7 Professionnel";"112";
"112-07-2012-10-18-01-52-13";"112-07";"LLB";"Microsoft Windows 7 Professionnel";"112";
"112-10-2012-10-17-11-28-46";"112-10";"LLB";"Microsoft Windows 7 Professionnel";"112";
"109-13-2012-10-17-10-23-17";"109-13";"LLB";"Microsoft Windows 7 Professionnel";"109";
"112-01-2012-10-22-11-27-20";"112-01";"LLB";"Microsoft Windows 7 Professionnel";"112";
"112-14-2012-10-22-11-12-00";"112-14";"LLB";"Microsoft Windows 7 Professionnel";"112";
"112-06-2012-10-18-04-22-13";"112-06";"LLB";"Microsoft Windows 7 Professionnel";"112";
"112-08-2012-10-18-16-57-43";"112-08";"LLB";"Microsoft Windows 7 Professionnel";"112";
"112-05-2012-10-17-10-14-59";"112-05";"LLB";"Microsoft Windows 7 Professionnel";"112";
"112-03-2012-10-22-10-32-19";"112-03";"LLB";"Microsoft Windows 7 Professionnel";"112";
"112-11-2012-10-17-21-25-07";"112-11";"LLB";"Microsoft Windows 7 Professionnel";"112";
"108-08-2012-09-15-21-21-02";"108-08";"LLB";"Microsoft Windows 7 Professionnel";"108";
"108-06-2013-11-08-14-08-17";"108-06";"LLB";"Microsoft Windows 7 Professionnel";"108";
"108-07-2013-11-08-14-13-45";"108-07";"LLB";"Microsoft Windows 7 Professionnel";"108";
"112-15-2014-04-08-14-57-04";"112-15";"LLB";"Microsoft Windows 7 Professionnel";"112";
"108-15-2014-04-23-10-23-13";"108-15";"LLB";"Microsoft Windows 7 Professionnel";"108";
"109-01-2014-04-25-11-41-47";"109-01";"LLB";"Microsoft Windows Vista";"109";
"109-01-2014-05-14-16-23-00";"109-01";"LLB";"Microsoft Windows 7 Professionnel";"109";
"109-02-2014-06-03-09-45-36";"109-02";"LLB";"Microsoft Windows 7 Professionnel";"109";